"Authors","Author full names","Author(s) ID","Title","Year","DOI","Link","Document Type","Source","EID"
"Eichenseer, P.; Winkler, H.","Eichenseer, Patrick (59331957400); Winkler, Herwig (15046171000)","59331957400; 15046171000","A data-oriented shopfloor management in the production context: a systematic literature review","2024","10.1007/s00170-024-14238-8","https://www.scopus.com/inward/record.uri?eid=2-s2.0-85204244229&doi=10.1007%2Fs00170-024-14238-8&partnerID=40&md5=cd6265cea787ce4ae5a79a019057a7e6","Review","Scopus","2-s2.0-85204244229"
"Mohamed Ellithy, K.; Salah, M.; Samy, I.S.; Shalaby, R.","Mohamed Ellithy, Kareim (58928270500); Salah, Mariam (59240335100); Samy, Irene Samy (56572668600); Shalaby, Raafat Elsayed (57189045808)","58928270500; 59240335100; 56572668600; 57189045808","AGV and Industry 4.0 in warehouses: a comprehensive analysis of existing literature and an innovative framework for flexible automation","2024","10.1007/s00170-024-14127-0","https://www.scopus.com/inward/record.uri?eid=2-s2.0-85200035987&doi=10.1007%2Fs00170-024-14127-0&partnerID=40&md5=b0810470a4bf393808fd7eddd893d877","Review","Scopus","2-s2.0-85200035987"
"Cordero-Lanzac, T.; Gayubo, A.G.; Aguayo, A.T.; Bilbao, J.","Cordero-Lanzac, Tomas (57118203000); Gayubo, Ana G. (23567763800); Aguayo, Andrés Tomás (35452951900); Bilbao, Javier (7101601142)","57118203000; 23567763800; 35452951900; 7101601142","The MTO and DTO processes as greener alternatives to produce olefins: A review of kinetic models and reactor design","2024","10.1016/j.cej.2024.152906","https://www.scopus.com/inward/record.uri?eid=2-s2.0-85196273361&doi=10.1016%2Fj.cej.2024.152906&partnerID=40&md5=99a6c5911dfba867ea2a830057666a3e","Review","Scopus","2-s2.0-85196273361"
"Di Pasquale, V.; Cutolo, P.; Esposito, C.; Franco, B.; Iannone, R.; Miranda, S.","Di Pasquale, Valentina (56550021000); Cutolo, Paolo (59305688600); Esposito, Carmen (59305216800); Franco, Benedetta (59306320600); Iannone, Raffaele (35269179500); Miranda, Salvatore (16070283100)","56550021000; 59305688600; 59305216800; 59306320600; 35269179500; 16070283100","Virtual Reality for Training in Assembly and Disassembly Tasks: A Systematic Literature Review","2024","10.3390/machines12080528","https://www.scopus.com/inward/record.uri?eid=2-s2.0-85202627354&doi=10.3390%2Fmachines12080528&partnerID=40&md5=1ee4c15de2e15e4d47fb87ec2106f2d5","Review","Scopus","2-s2.0-85202627354"
"Barekatain, A.; Habibi, H.; Voos, H.","Barekatain, Alireza (58631157700); Habibi, Hamed (55146571400); Voos, Holger (6603280387)","58631157700; 55146571400; 6603280387","A Practical Roadmap to Learning from Demonstration for Robotic Manipulators in Manufacturing","2024","10.3390/robotics13070100","https://www.scopus.com/inward/record.uri?eid=2-s2.0-85199538667&doi=10.3390%2Frobotics13070100&partnerID=40&md5=260fe9510baa306a5db94a613afe2632","Review","Scopus","2-s2.0-85199538667"
"Shi, Y.; Yan, C.; Song, B.; Su, B.; Wei, Q.; Zhang, L.; Wu, J.; Wen, S.; Liu, J.; Cai, C.; Yu, S.; Li, C.; Zhou, Y.; Chen, A.; Yang, L.; Chen, P.; Zou, Y.; Tang, M.; Chen, Y.; Shi, Y.; Wu, H.; Zhang, L.; Liu, Z.; Wang, H.; Wang, C.; Wu, S.; Liu, G.; Ouyang, Z.","Shi, Yusheng (56192512900); Yan, Chunze (23111839200); Song, Bo (53985410600); Su, Bin (56437216900); Wei, Qingsong (8398663400); Zhang, Lichao (23993338600); Wu, Jiamin (55747912000); Wen, Shifeng (56650506400); Liu, Jie (59223004800); Cai, Chao (7202874054); Yu, Shengfu (36119424600); Li, Chenhui (8899198200); Zhou, Yan (55236633000); Chen, Annan (57192370267); Yang, Lei (57155134200); Chen, Peng (57865771200); Zou, Yang (57208185743); Tang, Minkai (59888023300); Chen, Ying (55759987300); Shi, Yunsong (56687891500); Wu, Hongzhi (57202466592); Zhang, Lei (56471403400); Liu, Zhufeng (56972837900); Wang, Haoze (57404114400); Wang, Changshun (37005122100); Wu, Siqi (57208531817); Liu, Guizhou (58313897600); Ouyang, Zhen (58809561100)","56192512900; 23111839200; 53985410600; 56437216900; 8398663400; 23993338600; 55747912000; 56650506400; 59223004800; 7202874054; 36119424600; 8899198200; 55236633000; 57192370267; 57155134200; 57865771200; 57208185743; 59888023300; 55759987300; 56687891500; 57202466592; 56471403400; 56972837900; 57404114400; 37005122100; 57208531817; 58313897600; 58809561100","Recent Advances in Additive Manufacturing Technology: Achievements of the Rapid Manufacturing Center in Huazhong University of Science and Technology","2024","10.1016/j.amf.2024.200144","https://www.scopus.com/inward/record.uri?eid=2-s2.0-85211922280&doi=10.1016%2Fj.amf.2024.200144&partnerID=40&md5=e4eab5ff2de7a4af884451b96a015af9","Review","Scopus","2-s2.0-85211922280"
"Yue, X.; Xiong, X.; Xu, X.; Zhang, M.","Yue, Xinyi (57278757900); Xiong, Xianqing (44462212100); Xu, Xiutong (58297860300); Zhang, Mei (58296541400)","57278757900; 44462212100; 58297860300; 58296541400","Big data for furniture intelligent manufacturing: conceptual framework, technologies, applications, and challenges","2024","10.1007/s00170-024-13719-0","https://www.scopus.com/inward/record.uri?eid=2-s2.0-85192346924&doi=10.1007%2Fs00170-024-13719-0&partnerID=40&md5=5e4c12b0b640d597313707540b32a84b","Review","Scopus","2-s2.0-85192346924"
"Kriouich, M.; Sarir, H.","Kriouich, Mohamed (58184285700); Sarir, Hicham (57214145074)","58184285700; 57214145074","Artificial Intelligence Application in Production Scheduling Problem Systematic Literature Review: Bibliometric Analysis, Research Trend, and Knowledge Taxonomy","2024","10.1007/s43069-024-00312-0","https://www.scopus.com/inward/record.uri?eid=2-s2.0-85189150756&doi=10.1007%2Fs43069-024-00312-0&partnerID=40&md5=8523997d50602ccefce3c7bbb2261f19","Review","Scopus","2-s2.0-85189150756"
"Hernandez Moreno, V.; Jansing, S.; Polikarpov, M.; Carmichael, M.G.; Deuse, J.","Hernandez Moreno, Victor (57986337200); Jansing, Steffen (58103046700); Polikarpov, Mikhail (58440947700); Carmichael, Marc G. (36801255200); Deuse, Jochen (24437696400)","57986337200; 58103046700; 58440947700; 36801255200; 24437696400","Obstacles and opportunities for learning from demonstration in practical industrial assembly: A systematic literature review","2024","10.1016/j.rcim.2023.102658","https://www.scopus.com/inward/record.uri?eid=2-s2.0-85173478217&doi=10.1016%2Fj.rcim.2023.102658&partnerID=40&md5=e2181658f3964fcbf9d127a88b14861e","Review","Scopus","2-s2.0-85173478217"
"Alvarez-Lorenzo, C.; Goyanes, A.; Concheiro, A.","Alvarez-Lorenzo, Carmen Isabel (7004396916); Goyanes, Alvaro (37037477300); Concheiro, Angel (7006298247)","7004396916; 37037477300; 7006298247","Cyclodextrins in 3D/4D printing for biomedical applications","2024","10.1016/j.addma.2024.104120","https://www.scopus.com/inward/record.uri?eid=2-s2.0-85189857396&doi=10.1016%2Fj.addma.2024.104120&partnerID=40&md5=58d9ca0774fe28f1c04076eb45569eaa","Review","Scopus","2-s2.0-85189857396"
"Zeb, S.; Mahmood, A.; Khowaja, S.A.; Dev, K.; Hassan, S.A.; Gidlund, M.; Bellavista, P.","Zeb, Shah (57203089627); Mahmood, Aamir (36024046600); Khowaja, Sunder Ali (56500465400); Dev, Kapal (57190336390); Hassan, Syed Ali (36679064300); Gidlund, Mikael (25641313800); Bellavista, Paolo (6603925242)","57203089627; 36024046600; 56500465400; 57190336390; 36679064300; 25641313800; 6603925242","Towards defining industry 5.0 vision with intelligent and softwarized wireless network architectures and services: A survey","2024","10.1016/j.jnca.2023.103796","https://www.scopus.com/inward/record.uri?eid=2-s2.0-85180932166&doi=10.1016%2Fj.jnca.2023.103796&partnerID=40&md5=d92638f740cf11dd63ceabd84258769d","Review","Scopus","2-s2.0-85180932166"
"Skorupińska, E.; Hitka, M.; Sydor, M.","Skorupińska, Ewa (57808432500); Hitka, Miloš (16204917700); Sydor, Maciej (23013232000)","57808432500; 16204917700; 23013232000","Surveying Quality Management Methodologies in Wooden Furniture Production","2024","10.3390/systems12020051","https://www.scopus.com/inward/record.uri?eid=2-s2.0-85185695807&doi=10.3390%2Fsystems12020051&partnerID=40&md5=661dedc21452c0491071ec1ccf319853","Review","Scopus","2-s2.0-85185695807"
"de Sousa, A.L.; Oliveira, A.S.","de Sousa, Alex Luiz (57194084411); Oliveira, Andre Schneider de (26667570700)","57194084411; 26667570700","Deadlock-free production using Dempster–Shafer and preset methods in predictive scheduling for multiagent controlled flexible manufacturing systems","2024","10.1016/j.asoc.2024.111234","https://www.scopus.com/inward/record.uri?eid=2-s2.0-85184750578&doi=10.1016%2Fj.asoc.2024.111234&partnerID=40&md5=db6cb2478aa439eba5bda509528265a3","Review","Scopus","2-s2.0-85184750578"
"Ezeh, E.M.","Ezeh, Ernest Mbamalu (57724574500)","57724574500","Advances in the development of polyester resin composites: a review","2024","10.1108/WJE-12-2023-0517","https://www.scopus.com/inward/record.uri?eid=2-s2.0-85208248946&doi=10.1108%2FWJE-12-2023-0517&partnerID=40&md5=18b41ac3fcbc5edfe1aba54f9b36b2e5","Review","Scopus","2-s2.0-85208248946"
"Goh, G.D.; Wong, K.K.; Tan, N.; Seet, H.L.; Nai, M.L.S.","Goh, Guo Dong (57191379991); Wong, Kin Keong (58973462200); Tan, Nigel (58973462300); Seet, Hang Li (6602918536); Nai, Mui Ling Sharon (57214856397)","57191379991; 58973462200; 58973462300; 6602918536; 57214856397","Large-format additive manufacturing of polymers: a review of fabrication processes, materials, and design","2024","10.1080/17452759.2024.2336160","https://www.scopus.com/inward/record.uri?eid=2-s2.0-85189619625&doi=10.1080%2F17452759.2024.2336160&partnerID=40&md5=6731e3c7d950bf651890eeffb9e0b1ac","Review","Scopus","2-s2.0-85189619625"
"El Abidine, Z.Z.; Koltai, T.","El Abidine, Zakaria Zine (58783592000); Koltai, T. (36882890100)","58783592000; 36882890100","The Effect of Learning on Assembly Line Balancing: A Review","2024","10.3311/PPso.22283","https://www.scopus.com/inward/record.uri?eid=2-s2.0-85180799544&doi=10.3311%2FPPso.22283&partnerID=40&md5=e19f1b498c9374595bb112743819fe3a","Review","Scopus","2-s2.0-85180799544"
"Patel, D.; Sahu, C.K.; Rai, R.","Patel, Dhruv (57209202509); Sahu, Chandan Kumar (57216671650); Rai, Rahul (7101651655)","57209202509; 57216671650; 7101651655","Security in modern manufacturing systems: integrating blockchain in artificial intelligence-assisted manufacturing","2024","10.1080/00207543.2023.2262050","https://www.scopus.com/inward/record.uri?eid=2-s2.0-85173969912&doi=10.1080%2F00207543.2023.2262050&partnerID=40&md5=6975ad39850c0778e462c64815f4509f","Review","Scopus","2-s2.0-85173969912"
"Del Gallo, M.; Mazzuto, G.; Ciarapica, F.E.; Bevilacqua, M.","Del Gallo, Mateo (58756020200); Mazzuto, Giovanni (55110450400); Ciarapica, Filippo Emanuele (10541204900); Bevilacqua, Maurizio (7102698862)","58756020200; 55110450400; 10541204900; 7102698862","Artificial Intelligence to Solve Production Scheduling Problems in Real Industrial Settings: Systematic Literature Review","2023","10.3390/electronics12234732","https://www.scopus.com/inward/record.uri?eid=2-s2.0-85179304084&doi=10.3390%2Felectronics12234732&partnerID=40&md5=487b92fe50be9519f2f81848a097d479","Review","Scopus","2-s2.0-85179304084"
"Yang, H.; Jiang, L.; Wan, H.","Yang, Honglin (23390929400); Jiang, Lan (58521930200); Wan, Hong (57202950357)","23390929400; 58521930200; 57202950357","Return window decision for modular mass customization products in a two-echelon returnable supply chain","2023","10.1007/s12351-023-00797-3","https://www.scopus.com/inward/record.uri?eid=2-s2.0-85173435638&doi=10.1007%2Fs12351-023-00797-3&partnerID=40&md5=4ea8d42773f91d469b85d748ae1e8c61","Review","Scopus","2-s2.0-85173435638"
"Chang, D.; Shi, H.; Han, C.; Meng, F.","Chang, Daliang (57221475920); Shi, Haibo (7402623419); Han, Chao (57221469253); Meng, Fu (57221482623)","57221475920; 7402623419; 57221469253; 57221482623","Research on Production Scheduling Optimization of Flexible Job Shop Production with Buffer Capacity Limitation Based on the Improved Gene Expression Programming Algorithm","2023","10.1007/s12541-023-00897-2","https://www.scopus.com/inward/record.uri?eid=2-s2.0-85171253101&doi=10.1007%2Fs12541-023-00897-2&partnerID=40&md5=203691c04316c5fff80f20d2463ed301","Review","Scopus","2-s2.0-85171253101"
"Hafenecker, J.; Bartels, D.; Kuball, C.-M.; Kreß, M.; Rothfelder, R.; Schmidt, M.; Merklein, M.","Hafenecker, Jan (57204825022); Bartels, Dominic (57214682315); Kuball, Clara Maria (56237021800); Kreß, Maximilian (57385564900); Rothfelder, Richard (57204795252); Schmidt, Michael P. (57205650028); Merklein, Marion (6603414114)","57204825022; 57214682315; 56237021800; 57385564900; 57204795252; 57205650028; 6603414114","Hybrid process chains combining metal additive manufacturing and forming – A review","2023","10.1016/j.cirpj.2023.08.002","https://www.scopus.com/inward/record.uri?eid=2-s2.0-85168244255&doi=10.1016%2Fj.cirpj.2023.08.002&partnerID=40&md5=b194b7523941fa0b83f2b1f4c4c81bb7","Review","Scopus","2-s2.0-85168244255"
"Mohanadas, H.P.; Nair, V.; Doctor, A.A.; Faudzi, A.A.M.; Tucker, N.; A.F., A.F.; Ramakrishna, S.; Saidin, S.; Jaganathan, S.K.","Mohanadas, Hemanth Ponnambalath (55793532800); Nair, Vivek (58832607300); Doctor, Akbar Abbas (58073435600); Faudzi, Ahmad Athif Mohd (26028861100); Tucker, Nick (8610084900); A.F., Ismail Fauzi Bin (7201548542); Ramakrishna, Seeram Anantha (57205523298); Saidin, Syafiqah (36968653900); Jaganathan, Saravana Kumar (56181612300)","55793532800; 58832607300; 58073435600; 26028861100; 8610084900; 7201548542; 57205523298; 36968653900; 56181612300","A Systematic Analysis of Additive Manufacturing Techniques in the Bioengineering of In Vitro Cardiovascular Models","2023","10.1007/s10439-023-03322-x","https://www.scopus.com/inward/record.uri?eid=2-s2.0-85165135985&doi=10.1007%2Fs10439-023-03322-x&partnerID=40&md5=6c04d27d14d725b0ccf2de0a8efda702","Review","Scopus","2-s2.0-85165135985"
"Hussain, S.A.I.; Kalita, R.; Mandal, U.K.","Hussain, Syed Abou Iltaf (57203371949); Kalita, Ranbir (57192554081); Mandal, Uttam Kumar (57213963173)","57203371949; 57192554081; 57213963173","A priority-based heuristic approach for solving flexible flow-shop with parallel machine scheduling in a fuzzy environment","2023","10.1007/s41066-023-00377-y","https://www.scopus.com/inward/record.uri?eid=2-s2.0-85151550098&doi=10.1007%2Fs41066-023-00377-y&partnerID=40&md5=09694bf8fe1015f7d0b7854983c95590","Review","Scopus","2-s2.0-85151550098"
"AlArifi, I.M.","AlArifi, Ibrahim M. (56725827500)","56725827500","A comprehensive review on advancements of elastomers for engineering applications","2023","10.1016/j.aiepr.2023.05.001","https://www.scopus.com/inward/record.uri?eid=2-s2.0-85162182885&doi=10.1016%2Fj.aiepr.2023.05.001&partnerID=40&md5=fbb09c01d7d71ae1dfd22e6228ab4c53","Review","Scopus","2-s2.0-85162182885"
"Zhou, Y.; Chen, J.; Liu, X.; Xu, J.","Zhou, Yufeng (57204767824); Chen, Jingbo (7501889343); Liu, Xuying (56573044200); Xu, Jianwei (56380700600)","57204767824; 7501889343; 56573044200; 56380700600","Three/Four-Dimensional Printed PLA Nano/Microstructures: Crystallization Principles and Practical Applications","2023","10.3390/ijms241813691","https://www.scopus.com/inward/record.uri?eid=2-s2.0-85172441639&doi=10.3390%2Fijms241813691&partnerID=40&md5=2d681d7905c0acec830042f2a274d6f3","Review","Scopus","2-s2.0-85172441639"
"Fang, J.; Cheang, B.; Lim, A.","Fang, Jianxin (56799526100); Cheang, Brenda (6603205855); Lim, Andrew (7202659054)","56799526100; 6603205855; 7202659054","Problems and Solution Methods of Machine Scheduling in Semiconductor Manufacturing Operations: A Survey","2023","10.3390/su151713012","https://www.scopus.com/inward/record.uri?eid=2-s2.0-85170371404&doi=10.3390%2Fsu151713012&partnerID=40&md5=3dbc99fca1589d9405c15c7bb66b8d0d","Review","Scopus","2-s2.0-85170371404"
"Fortes, C.S.; Tenera, A.B.; Cunha, P.F.; Teixeira, J.P.","Fortes, Carlos S. (58478350200); Tenera, Alexandra B. (24344990300); Cunha, Pedro Filipe (8043202300); Teixeira, Jorge Pamies (57217628217)","58478350200; 24344990300; 8043202300; 57217628217","Engineering-to-order manufacturing: A criticality analysis of key challenges and solutions based on literature review","2023","10.14743/apem2023.2.466","https://www.scopus.com/inward/record.uri?eid=2-s2.0-85175576913&doi=10.14743%2Fapem2023.2.466&partnerID=40&md5=e7c7c10d3dff5a6fd325266f330728a7","Review","Scopus","2-s2.0-85175576913"
"Kovalenko, I.; Barton, K.; Moyne, J.; Tilbury, D.M.","Kovalenko, Ilya (57202491754); Barton, Kira L. (16416800000); Moyne, James R. (7004244575); Tilbury, Dawn M. (7003832110)","57202491754; 16416800000; 7004244575; 7003832110","Opportunities and Challenges to Integrate Artificial Intelligence Into Manufacturing Systems: Thoughts From a Panel Discussion [Opinion]","2023","10.1109/MRA.2023.3262464","https://www.scopus.com/inward/record.uri?eid=2-s2.0-85153401656&doi=10.1109%2FMRA.2023.3262464&partnerID=40&md5=cc0838c761b8b3f88e9edffc5520e6a0","Review","Scopus","2-s2.0-85153401656"
"Tan, L.; Kong, T.L.; Zhang, Z.; Metwally, A.S.M.; Sharma, S.; Sharma, K.P.; M Tag El Din, S.M.; Zimon, D.","Tan, Lingye (58876413100); Kong, Tiong Lee (57218251887); Zhang, Ziyang (59448870200); Metwally, Ahmed Sayed Mohammed (57300619000); Sharma, Shubham Sh (57211422917); Sharma, Kanta Prasad (57198346718); M Tag El Din, El Sayed (57925959400); Zimon, Dominik (56556951500)","58876413100; 57218251887; 59448870200; 57300619000; 57211422917; 57198346718; 57925959400; 56556951500","Scheduling and Controlling Production in an Internet of Things Environment for Industry 4.0: An Analysis and Systematic Review of Scientific Metrological Data","2023","10.3390/su15097600","https://www.scopus.com/inward/record.uri?eid=2-s2.0-85159271085&doi=10.3390%2Fsu15097600&partnerID=40&md5=ae8e06c076111c620472debbce92026f","Review","Scopus","2-s2.0-85159271085"
"Ravalji, J.M.; Raval, S.J.","Ravalji, Jaydeepsinh M. (57939613800); Raval, Shruti J. (57195149036)","57939613800; 57195149036","Review of quality issues and mitigation strategies for metal powder bed fusion","2023","10.1108/RPJ-01-2022-0008","https://www.scopus.com/inward/record.uri?eid=2-s2.0-85140474931&doi=10.1108%2FRPJ-01-2022-0008&partnerID=40&md5=776d6f3a4f019923889a7e429aa118e2","Review","Scopus","2-s2.0-85140474931"
"Zhang, C.; Wu, Y.; Ma, Y.; Song, W.; Le, Z.; Cao, Z.; Zhang, J.","Zhang, Cong (57221301349); Wu, Yaoxin (57191204163); Ma, Yining (57202371716); Song, Wen (57193495266); Le, Zhang (58131677800); Cao, Zhiguang (56438458900); Zhang, Jie (56346558700)","57221301349; 57191204163; 57202371716; 57193495266; 58131677800; 56438458900; 56346558700","A review on learning to solve combinatorial optimisation problems in manufacturing","2023","10.1049/cim2.12072","https://www.scopus.com/inward/record.uri?eid=2-s2.0-85149487801&doi=10.1049%2Fcim2.12072&partnerID=40&md5=4107bff98a0a03010a826458de1d14fb","Review","Scopus","2-s2.0-85149487801"
"Bouchard, S.; Gamache, S.; Abdul-Nour, G.","Bouchard, Stéphanie (57782229200); Gamache, Sébastien (57200163220); Abdul-Nour, Georges (6602284155)","57782229200; 57200163220; 6602284155","Operationalizing Mass Customization in Manufacturing SMEs—A Systematic Literature Review","2023","10.3390/su15043028","https://www.scopus.com/inward/record.uri?eid=2-s2.0-85149295984&doi=10.3390%2Fsu15043028&partnerID=40&md5=15b8112dda68e34ecba1fc804156323e","Review","Scopus","2-s2.0-85149295984"
"Özel, T.; Shokri, H.; Loizeau, R.","Özel, Tuğrul (6602845239); Shokri, Hamed (58113140700); Loizeau, Raphaël (58117935500)","6602845239; 58113140700; 58117935500","A Review on Wire-Fed Directed Energy Deposition Based Metal Additive Manufacturing","2023","10.3390/jmmp7010045","https://www.scopus.com/inward/record.uri?eid=2-s2.0-85148871351&doi=10.3390%2Fjmmp7010045&partnerID=40&md5=56b0b5d2405d5fcef374c377c4b3a33a","Review","Scopus","2-s2.0-85148871351"
"Manavis, A.; Kakoulis, K.; Kyratsis, P.","Manavis, Athanasios (56472840400); Kakoulis, Konstantinos G. (6602251869); Kyratsis, Panagiotis (35174532500)","56472840400; 6602251869; 35174532500","A Brief Review of Computational Product Design: A Brand Identity Approach","2023","10.3390/machines11020232","https://www.scopus.com/inward/record.uri?eid=2-s2.0-85148585938&doi=10.3390%2Fmachines11020232&partnerID=40&md5=8d67037346108e0dac4cde2d4fe09e40","Review","Scopus","2-s2.0-85148585938"
"Gan, Z.L.; Musa, S.N.; Yap, H.J.","Gan, Zhi Lon (57952455200); Musa, S. Nurmaya (56288667900); Yap, Hwajen (57951575600)","57952455200; 56288667900; 57951575600","A Review of the High-Mix, Low-Volume Manufacturing Industry","2023","10.3390/app13031687","https://www.scopus.com/inward/record.uri?eid=2-s2.0-85148003865&doi=10.3390%2Fapp13031687&partnerID=40&md5=79697f0495c4832e0c6c5a74c2da06f1","Review","Scopus","2-s2.0-85148003865"
"Dhirani, L.L.; Mukhtiar, N.; Chowdhry, B.S.; Newe, T.","Dhirani, Lubna Luxmi (57192940466); Mukhtiar, Noorain (58100290800); Chowdhry, Bhawani Shankar (18633334900); Newe, Thomas (6507501773)","57192940466; 58100290800; 18633334900; 6507501773","Ethical Dilemmas and Privacy Issues in Emerging Technologies: A Review","2023","10.3390/s23031151","https://www.scopus.com/inward/record.uri?eid=2-s2.0-85147892711&doi=10.3390%2Fs23031151&partnerID=40&md5=c5bc1969888cf7c4ca7b76572b9d47c5","Review","Scopus","2-s2.0-85147892711"
"Renna, P.; Materi, S.; Ambrico, M.","Renna, Paolo (9279643000); Materi, Sergio (57204651474); Ambrico, Michele (37039486800)","9279643000; 57204651474; 37039486800","Review of Responsiveness and Sustainable Concepts in Cellular Manufacturing Systems","2023","10.3390/app13021125","https://www.scopus.com/inward/record.uri?eid=2-s2.0-85146633956&doi=10.3390%2Fapp13021125&partnerID=40&md5=ea0003e4aec061c5bf98d670eda29c17","Review","Scopus","2-s2.0-85146633956"
"Tzanetos, A.; Blondin, M.","Tzanetos, Alexandros (55235024800); Blondin, Maude Josée (55838183100)","55235024800; 55838183100","Systematic search and mapping review of the concrete delivery problem (CDP): Formulations, objectives, and data","2023","10.1016/j.autcon.2022.104631","https://www.scopus.com/inward/record.uri?eid=2-s2.0-85141797958&doi=10.1016%2Fj.autcon.2022.104631&partnerID=40&md5=af54ebaceecadcd5cb697debb2a26229","Review","Scopus","2-s2.0-85141797958"
"Chen, D.; Wang, Y.; Zhou, H.; Huang, Z.; Zhang, Y.; Guo, C.F.; Zhou, H.","Chen, Dan (57196404007); Wang, Yunming (46661367100); Zhou, Helezi L.Z. (56939433000); Huang, Zhigao (56446012700); Zhang, Yun (55888853100); Guo, Chuanfei (23392752100); Zhou, Huamin (7404741969)","57196404007; 46661367100; 56939433000; 56446012700; 55888853100; 23392752100; 7404741969","Current and Future Trends for Polymer Micro/Nanoprocessing in Industrial Applications","2022","10.1002/adma.202200903","https://www.scopus.com/inward/record.uri?eid=2-s2.0-85131588910&doi=10.1002%2Fadma.202200903&partnerID=40&md5=0a17ad5deb23b2ec54187f6f3a8de8e4","Review","Scopus","2-s2.0-85131588910"
"Dalpadulo, E.; Petruccioli, A.; Gherardini, F.; Leali, F.","Dalpadulo, Enrico (57215663636); Petruccioli, Andrea (57215651138); Gherardini, Francesco (57150736400); Leali, Francesco (12345355900)","57215663636; 57215651138; 57150736400; 12345355900","A Review of Automotive Spare-Part Reconstruction Based on Additive Manufacturing","2022","10.3390/jmmp6060133","https://www.scopus.com/inward/record.uri?eid=2-s2.0-85144728011&doi=10.3390%2Fjmmp6060133&partnerID=40&md5=39403f8b4bc7f91c6a12353f4bfc2cbb","Review","Scopus","2-s2.0-85144728011"
"Bahrpeyma, F.; Reichelt, D.","Bahrpeyma, Fouad (55959195700); Reichelt, Dirk (57208214154)","55959195700; 57208214154","A review of the applications of multi-agent reinforcement learning in smart factories","2022","10.3389/frobt.2022.1027340","https://www.scopus.com/inward/record.uri?eid=2-s2.0-85144018709&doi=10.3389%2Ffrobt.2022.1027340&partnerID=40&md5=e1595351dd11795fedb43fefd162d132","Review","Scopus","2-s2.0-85144018709"
"Salaimanimagudam, M.P.; Jayaprakash, J.","Salaimanimagudam, M. P. (57200047987); Jayaprakash, Jaganathan (12795535200)","57200047987; 12795535200","Optimum selection of reinforcement, assembly, and formwork system for digital fabrication technique in construction industry – A critical review","2022","10.1016/j.istruc.2022.10.094","https://www.scopus.com/inward/record.uri?eid=2-s2.0-85141250396&doi=10.1016%2Fj.istruc.2022.10.094&partnerID=40&md5=11608ae6ec7f63d26506d740aebe06fe","Review","Scopus","2-s2.0-85141250396"
"Guo, A.X.Y.; Cheng, L.; Zhan, S.; Zhang, S.; Xiong, W.; Wang, Z.; Wang, G.; Cao, S.C.","Guo, Amy X.Y. (57554021400); Cheng, Liangjie (58349947000); Zhan, Shuai (57554953700); Zhang, Shouyang (25951819700); Xiong, Wei (59579339400); Wang, Zihan (57209886882); Wang, Gang (57215155253); Cao, Shan Cecilia (57200513716)","57554021400; 58349947000; 57554953700; 25951819700; 59579339400; 57209886882; 57215155253; 57200513716","Biomedical applications of the powder-based 3D printed titanium alloys: A review","2022","10.1016/j.jmst.2021.11.084","https://www.scopus.com/inward/record.uri?eid=2-s2.0-85129841570&doi=10.1016%2Fj.jmst.2021.11.084&partnerID=40&md5=e2192ac5399bd5bde438f1b91be3a0cd","Review","Scopus","2-s2.0-85129841570"
"Panzer, M.; Bender, B.; Gronau, N.","Panzer, Marcel (57263704600); Bender, Benedict (57192310179); Gronau, Norbert (8554946700)","57263704600; 57192310179; 8554946700","Neural agent-based production planning and control: An architectural review","2022","10.1016/j.jmsy.2022.10.019","https://www.scopus.com/inward/record.uri?eid=2-s2.0-85142179935&doi=10.1016%2Fj.jmsy.2022.10.019&partnerID=40&md5=1ec9497ea926b64805ca4d472642e189","Review","Scopus","2-s2.0-85142179935"
"Eswaran, M.; Raju Bahubalendruni, M.V.A.R.","Eswaran, M. (57912128500); Raju Bahubalendruni, M. V.A. (56453400700)","57912128500; 56453400700","Challenges and opportunities on AR/VR technologies for manufacturing systems in the context of industry 4.0: A state of the art review","2022","10.1016/j.jmsy.2022.09.016","https://www.scopus.com/inward/record.uri?eid=2-s2.0-85139010853&doi=10.1016%2Fj.jmsy.2022.09.016&partnerID=40&md5=3877e1a728618078408aac8435a1cdb6","Review","Scopus","2-s2.0-85139010853"
"Guo, H.; Liu, J.; Zhuang, C.","Guo, Haoxin (57906870200); Liu, Jianhua (55986543000); Zhuang, Cunbo (55711307200)","57906870200; 55986543000; 55711307200","Automatic design for shop scheduling strategies based on hyper-heuristics: A systematic review","2022","10.1016/j.aei.2022.101756","https://www.scopus.com/inward/record.uri?eid=2-s2.0-85138796262&doi=10.1016%2Fj.aei.2022.101756&partnerID=40&md5=2944d763c030a8cff0e1392bb49c5e23","Review","Scopus","2-s2.0-85138796262"
"Dornelas, P.H.G.; Santos, T.G.; Oliveira, J.P.","Dornelas, Paulo Henrique Grossi (57217085417); Santos, Telmo Gomes (7004578662); Oliveira, J. P. (55601590000)","57217085417; 7004578662; 55601590000","Micro-metal additive manufacturing – state-of-art and perspectives","2022","10.1007/s00170-022-10110-9","https://www.scopus.com/inward/record.uri?eid=2-s2.0-85138705451&doi=10.1007%2Fs00170-022-10110-9&partnerID=40&md5=2aac2cc4aa52ed6ce82db48715423596","Review","Scopus","2-s2.0-85138705451"
"Kumar, A.; Chhabra, D.","Kumar, Ashwani Naveen (58736686800); Chhabra, Deepak (56198514600)","58736686800; 56198514600","Adopting additive manufacturing as a cleaner fabrication framework for topologically optimized orthotic devices: Implications over sustainable rehabilitation","2022","10.1016/j.clet.2022.100559","https://www.scopus.com/inward/record.uri?eid=2-s2.0-85138044491&doi=10.1016%2Fj.clet.2022.100559&partnerID=40&md5=c75fc7d4c928cbd51ffd9461c7f6d64b","Review","Scopus","2-s2.0-85138044491"
"Shahzad, Q.; Umair, M.; Waqar, S.","Shahzad, Qamar (57202959667); Umair, Muhammad (58787199400); Waqar, Saad (57192237246)","57202959667; 58787199400; 57192237246","Bibliographic analysis on 3D printing in the building and construction industry: Printing systems, material properties, challenges, and future trends","2022","10.47481/jscmt.1143239","https://www.scopus.com/inward/record.uri?eid=2-s2.0-85167792282&doi=10.47481%2Fjscmt.1143239&partnerID=40&md5=01331820ac062abe66da2ee592caacb9","Review","Scopus","2-s2.0-85167792282"
"Khorasani, M.; Loy, J.; Ghasemi, A.H.; Sharabian, E.; Leary, M.; Mirafzal, H.; Cochrane, P.; Rolfe, B.; Gibson, I.","Khorasani, Amir Mahyar (57216819593); Loy, Jennifer (55161525200); Ghasemi, Amir Hossein (59028754700); Sharabian, Elmira G. (57459612800); Leary, Martin John (18042351100); Mirafzal, Hamed (57660086600); Cochrane, Peter (57205395141); Rolfe, Bernard F. (56948320700); Gibson, Ian (15831816500)","57216819593; 55161525200; 59028754700; 57459612800; 18042351100; 57660086600; 57205395141; 56948320700; 15831816500","A review of Industry 4.0 and additive manufacturing synergy","2022","10.1108/RPJ-08-2021-0194","https://www.scopus.com/inward/record.uri?eid=2-s2.0-85129344541&doi=10.1108%2FRPJ-08-2021-0194&partnerID=40&md5=31e7414b5471817068ac74cb4387e4f7","Review","Scopus","2-s2.0-85129344541"
"Maluf, A.S.; Sagawa, J.K.; Borges, R.F.S.","Maluf, Arthur Sarro (57218364821); Sagawa, Juliana Keiko (55888677400); Borges, Roberto Filipe Santos (57746012600)","57218364821; 55888677400; 57746012600","Toward the use of bond graphs for manufacturing control: comparison of existing models","2022","10.1007/s00170-022-09401-y","https://www.scopus.com/inward/record.uri?eid=2-s2.0-85132128837&doi=10.1007%2Fs00170-022-09401-y&partnerID=40&md5=03e0e213c9fc93981171a3f223151249","Review","Scopus","2-s2.0-85132128837"
"Boban, J.; Ahmed, A.; Jithinraj, E.K.; Rahman, M.A.; Rahman, M.","Boban, Jibin (57205734369); Ahmed, Afzaal (55448610800); Jithinraj, E. K. (57720576100); Rahman, M. Azizur (56874940400); Rahman, Mustafizur Sazedur (57200739327)","57205734369; 55448610800; 57720576100; 56874940400; 57200739327","Polishing of additive manufactured metallic components: retrospect on existing methods and future prospects","2022","10.1007/s00170-022-09382-y","https://www.scopus.com/inward/record.uri?eid=2-s2.0-85131103776&doi=10.1007%2Fs00170-022-09382-y&partnerID=40&md5=8ff51f65f2602433869a85a0f5477374","Review","Scopus","2-s2.0-85131103776"
"Jagadeesh, P.; Madhu, M.; Rangappa, S.M.; Karfidov, K.; Gorbatyuk, S.; Khan, A.; Doddamani, M.; Siengchin, S.","Jagadeesh, Praveenkumara (57220930332); Madhu, Puttegowda (57209185670); Rangappa, Sanjay Mavinkere (57042636700); Karfidov, Alexey О. (57191223536); Gorbatyuk, S. M. (6602347993); Khan, Anish (7404910403); Doddamani, Mrityunjay R. (50861144500); Siengchin, Suchart (23989534700)","57220930332; 57209185670; 57042636700; 57191223536; 6602347993; 7404910403; 50861144500; 23989534700","A comprehensive review on 3D printing advancements in polymer composites: technologies, materials, and applications","2022","10.1007/s00170-022-09406-7","https://www.scopus.com/inward/record.uri?eid=2-s2.0-85131052825&doi=10.1007%2Fs00170-022-09406-7&partnerID=40&md5=5de091c98eb8e99e410cfbe741b29d63","Review","Scopus","2-s2.0-85131052825"
"Fernandes, J.M.R.C.; Homayouni, S.M.; Fontes, D.B.M.M.","Fernandes, João Chaves (57214917109); Homayouni, S. M. (55388241000); Fontes, Dalila Benedita M.Martins (10040225600)","57214917109; 55388241000; 10040225600","Energy-Efficient Scheduling in Job Shop Manufacturing Systems: A Literature Review","2022","10.3390/su14106264","https://www.scopus.com/inward/record.uri?eid=2-s2.0-85130888673&doi=10.3390%2Fsu14106264&partnerID=40&md5=ba6e396569cdfefdcb3b6d94107e12e0","Review","Scopus","2-s2.0-85130888673"
"Karnik, N.; Bora, U.; Bhadri, K.; Kadambi, P.; Dhatrak, P.","Karnik, Niharika (57226579555); Bora, Urvi Mahendra (57226567172); Bhadri, Karan (57226561423); Kadambi, Prasanna (57226756619); Dhatrak, Pankaj (57196747243)","57226579555; 57226567172; 57226561423; 57226756619; 57196747243","A comprehensive study on current and future trends towards the characteristics and enablers of industry 4.0","2022","10.1016/j.jii.2021.100294","https://www.scopus.com/inward/record.uri?eid=2-s2.0-85120675156&doi=10.1016%2Fj.jii.2021.100294&partnerID=40&md5=75d355eec303d015612c8240b6830b8c","Review","Scopus","2-s2.0-85120675156"
"Qin, J.; Hu, F.; Liu, Y.; Witherell, P.; Wang, C.C.L.; Rosen, D.W.; Simpson, T.W.; Lu, Y.; Tang, Q.","Qin, Jian (57191728926); Hu, Fu (57219593921); Liu, Ying (35206193200); Witherell, Paul William (15073542400); Wang, Charlie C.L. (35231427200); Rosen, David W. (7202022503); Simpson, Timothy W. (7202539045); Lu, Yan (57191580065); Tang, Qian (7201632129)","57191728926; 57219593921; 35206193200; 15073542400; 35231427200; 7202022503; 7202539045; 57191580065; 7201632129","Research and application of machine learning for additive manufacturing","2022","10.1016/j.addma.2022.102691","https://www.scopus.com/inward/record.uri?eid=2-s2.0-85124976638&doi=10.1016%2Fj.addma.2022.102691&partnerID=40&md5=153af7157637461bd084082f5714ce16","Review","Scopus","2-s2.0-85124976638"
"Fowler, J.W.; Mönch, L.","Fowler, Johń W. (7402371012); Mönch, Lars (6602003174)","7402371012; 6602003174","A survey of scheduling with parallel batch (p-batch) processing","2022","10.1016/j.ejor.2021.06.012","https://www.scopus.com/inward/record.uri?eid=2-s2.0-85110542987&doi=10.1016%2Fj.ejor.2021.06.012&partnerID=40&md5=0da9a31563233893e297db2a3779d683","Review","Scopus","2-s2.0-85110542987"
"Martínez-Olvera, C.","Martínez-Olvera, César (14619715200)","14619715200","Towards the Development of a Digital Twin for a Sustainable Mass Customization 4.0 Environment: A Literature Review of Relevant Concepts","2022","10.3390/automation3010010","https://www.scopus.com/inward/record.uri?eid=2-s2.0-85134026891&doi=10.3390%2Fautomation3010010&partnerID=40&md5=b72773cd174c47a714cf4bb7f4a1a651","Review","Scopus","2-s2.0-85134026891"
"Hou, S.; Gao, J.; Wang, C.","Hou, Shixuan (57262104600); Gao, Jie (59859085000); Wang, Chun (56028989200)","57262104600; 59859085000; 56028989200","Design for mass customisation, design for manufacturing, and design for supply chain: A review of the literature","2022","10.1049/cim2.12041","https://www.scopus.com/inward/record.uri?eid=2-s2.0-85115053729&doi=10.1049%2Fcim2.12041&partnerID=40&md5=48e3e2aa78f551e4ecc0e90984fb6ee5","Review","Scopus","2-s2.0-85115053729"
"Gómez Paredes, F.J.; Godinho Filho, M.; Thürer, M.; Fernandes, N.O.; Jabbour, C.J.C.","Gómez Paredes, Fernando José (57204285886); Godinho Filho, Moacir (26429368200); Thürer, Matthias (35811259700); Fernandes, Nuno O. (14064512000); Jabbour, Charbel Jose Chiappetta (15757819200)","57204285886; 26429368200; 35811259700; 14064512000; 15757819200","Factors for choosing production control systems in make-to-order shops: a systematic literature review","2022","10.1007/s10845-020-01673-z","https://www.scopus.com/inward/record.uri?eid=2-s2.0-85092221969&doi=10.1007%2Fs10845-020-01673-z&partnerID=40&md5=99b684901f4ce859ecf1bedd920224b0","Review","Scopus","2-s2.0-85092221969"
"Inkulu, A.K.; Raju Bahubalendruni, M.V.A.R.; Ashok, A.; Sankaranarayanasamy, K.","Inkulu, Anil Kumar (57220037591); Raju Bahubalendruni, M. V.A. (56453400700); Ashok, Dara (57214799940); Sankaranarayanasamy, K. (16040406500)","57220037591; 56453400700; 57214799940; 16040406500","Challenges and opportunities in human robot collaboration context of Industry 4.0 - a state of the art review","2022","10.1108/IR-04-2021-0077","https://www.scopus.com/inward/record.uri?eid=2-s2.0-85111820692&doi=10.1108%2FIR-04-2021-0077&partnerID=40&md5=aff44f507c15e3907e6272f303a831f3","Review","Scopus","2-s2.0-85111820692"
"Para, J.; Del-Ser-Lorente, J.; Nebro, A.J.","Para, Jesús (57203898721); Del-Ser-Lorente, Javier (Javi) (9737598300); Nebro, A. J. (6508226668)","57203898721; 9737598300; 6508226668","Energy-Aware Multi-Objective Job Shop Scheduling Optimization with Metaheuristics in Manufacturing Industries: A Critical Survey, Results, and Perspectives","2022","10.3390/app12031491","https://www.scopus.com/inward/record.uri?eid=2-s2.0-85123741294&doi=10.3390%2Fapp12031491&partnerID=40&md5=a1f9a5549289c5197002e3cc69f0565d","Review","Scopus","2-s2.0-85123741294"
"Pei, F.; Zhang, J.; Mei, S.; Song, H.","Pei, Fengque (57188672689); Zhang, Jiaxuan (57932699000); Mei, Song (59030642300); Song, Haojie (57191839628)","57188672689; 57932699000; 59030642300; 57191839628","Critical Review on the Objective Function of Flexible Job Shop Scheduling","2022","10.1155/2022/8147581","https://www.scopus.com/inward/record.uri?eid=2-s2.0-85140057944&doi=10.1155%2F2022%2F8147581&partnerID=40&md5=79df6474a996db7e19f513510d5219a9","Review","Scopus","2-s2.0-85140057944"
"Bakon, K.; Holczinger, T.; Süle, Z.; Jaskó, S.; Abonyi, J.","Bakon, Krisztián Attila (57566486300); Holczinger, Tibor (6506674456); Süle, Zoltán (15053562300); Jaskó, Szilárd (14832677300); Abonyi, János A. (7003663899)","57566486300; 6506674456; 15053562300; 14832677300; 7003663899","Scheduling Under Uncertainty for Industry 4.0 and 5.0","2022","10.1109/ACCESS.2022.3191426","https://www.scopus.com/inward/record.uri?eid=2-s2.0-85135225037&doi=10.1109%2FACCESS.2022.3191426&partnerID=40&md5=1a1f9faf3d3bee8582cfdd72e6c8af5d","Review","Scopus","2-s2.0-85135225037"
"Ujazdowski, T.; Piotrowski, R.","Ujazdowski, Tomasz (57218191917); Piotrowski, Robert (22954312200)","57218191917; 22954312200","Task Scheduling-Review of Algorithms and Analysis of Potential Use in a Biological Wastewater Treatment Plant","2022","10.1109/ACCESS.2022.3170105","https://www.scopus.com/inward/record.uri?eid=2-s2.0-85129612268&doi=10.1109%2FACCESS.2022.3170105&partnerID=40&md5=93e866c236366637469abc5d9252fb3c","Review","Scopus","2-s2.0-85129612268"
"Rimaz, S.; Kosari, M.; Zarinejad, M.; Ramakrishna, S.","Rimaz, Sajjad (56560291700); Kosari, Mohammadreza (57193444276); Zarinejad, Mehrdad (23502605700); Ramakrishna, Seeram Anantha (57205523298)","56560291700; 57193444276; 23502605700; 57205523298","A comprehensive review on sustainability-motivated applications of SAPO-34 molecular sieve","2022","10.1007/s10853-021-06643-1","https://www.scopus.com/inward/record.uri?eid=2-s2.0-85122234341&doi=10.1007%2Fs10853-021-06643-1&partnerID=40&md5=1ad94e35437c22e1ad740742173b8c0a","Review","Scopus","2-s2.0-85122234341"
"Shakil, S.I.; Smith, N.R.; Yoder, S.P.; Ross, B.E.; Alvarado, D.J.; Hadadzadeh, A.; Haghshenas, M.","Shakil, Shawkat Imam (57217587569); Smith, Noah Robert (57360453900); Yoder, Samuel Paul (57360169800); Ross, Brenden Edward (57360314200); Alvarado, Dylan James (57360314300); Hadadzadeh, Amir (56532555200); Haghshenas, Meysam (23110395400)","57217587569; 57360453900; 57360169800; 57360314200; 57360314300; 56532555200; 23110395400","Post fabrication thermomechanical processing of additive manufactured metals: A review","2022","10.1016/j.jmapro.2021.11.047","https://www.scopus.com/inward/record.uri?eid=2-s2.0-85120466819&doi=10.1016%2Fj.jmapro.2021.11.047&partnerID=40&md5=ed883fd2d0b977c44746500f5cddd63f","Review","Scopus","2-s2.0-85120466819"
"Gao, M.; Li, L.; Wang, Q.; Ma, Z.; Li, X.; Liu, Z.","Gao, Mengdi (57190032714); Li, Lei (57190944953); Wang, Qingyang (57201188271); Ma, Zhilin (57215434119); Li, Xinyu (55718293000); Liu, Zhifeng (59812529900)","57190032714; 57190944953; 57201188271; 57215434119; 55718293000; 59812529900","Integration of Additive Manufacturing in Casting: Advances, Challenges, and Prospects","2022","10.1007/s40684-021-00323-w","https://www.scopus.com/inward/record.uri?eid=2-s2.0-85102838779&doi=10.1007%2Fs40684-021-00323-w&partnerID=40&md5=5192a84cd28ae44f881639719af5aef8","Review","Scopus","2-s2.0-85102838779"
"Salierno, G.; Leonardi, L.; Cabri, G.","Salierno, Giulio (57209212326); Leonardi, Letizia (7101636550); Cabri, Giacomo (35511410700)","57209212326; 7101636550; 35511410700","The future of factories: Different trends","2021","10.3390/app11219980","https://www.scopus.com/inward/record.uri?eid=2-s2.0-85118257879&doi=10.3390%2Fapp11219980&partnerID=40&md5=828e607db01c419bf7faa6ee2f0491b6","Review","Scopus","2-s2.0-85118257879"
"Yamada, S.; Bartúnek, J.; Behfar, A.; Terzić, A.","Yamada, Satsuki (7404922587); Bartúnek, Jozef J. (7006397762); Behfar, Atta (6602328079); Terzić, André M. (7004939597)","7404922587; 7006397762; 6602328079; 7004939597","Mass customized outlook for regenerative heart failure care","2021","10.3390/ijms222111394","https://www.scopus.com/inward/record.uri?eid=2-s2.0-85117512569&doi=10.3390%2Fijms222111394&partnerID=40&md5=b1c0ce73d8627eee3d3ebc2e5712cb76","Review","Scopus","2-s2.0-85117512569"
"Tan, C.; Weng, F.; Sui, S.; Chew, Y.; Bi, G.","Tan, Chaolin (56978521300); Weng, Fei (55618682700); Sui, Shang (57189867923); Chew, Youxiang (56063492300); Bi, Guijun (57218448820)","56978521300; 55618682700; 57189867923; 56063492300; 57218448820","Progress and perspectives in laser additive manufacturing of key aeroengine materials","2021","10.1016/j.ijmachtools.2021.103804","https://www.scopus.com/inward/record.uri?eid=2-s2.0-85117174301&doi=10.1016%2Fj.ijmachtools.2021.103804&partnerID=40&md5=733b59523a05405881b9586926abaf1d","Review","Scopus","2-s2.0-85117174301"
"Awasthi, P.; Banerjee, S.S.","Awasthi, Pratiksha (57226125502); Banerjee, Shib Shankar (55883619500)","57226125502; 55883619500","Fused deposition modeling of thermoplastic elastomeric materials: Challenges and opportunities","2021","10.1016/j.addma.2021.102177","https://www.scopus.com/inward/record.uri?eid=2-s2.0-85110435754&doi=10.1016%2Fj.addma.2021.102177&partnerID=40&md5=6570b6397a67692a0097ce958cbe087f","Review","Scopus","2-s2.0-85110435754"
"Cieśla, B.; Mleczko, J.","Cieśla, Bartosz (57222990084); Mleczko, J. (35787236300)","57222990084; 35787236300","The way of eto smes to mass customization - overview from real production systems","2021","10.24425/mper.2021.138534","https://www.scopus.com/inward/record.uri?eid=2-s2.0-85118655078&doi=10.24425%2Fmper.2021.138534&partnerID=40&md5=a5e5285001101e50da909c371208f176","Review","Scopus","2-s2.0-85118655078"
"Bai, W.; Fang, H.; Wang, Y.; Zeng, Q.; Hu, G.; Bao, G.; Wan, Y.","Bai, Wenyu (56594371100); Fang, Hui (57202443799); Wang, Yawen (57201637974); Zeng, Qiang (58373560000); Hu, Guangyao (57254617800); Bao, Guanjun (7103074542); Wan, Yuehua (7402414445)","56594371100; 57202443799; 57201637974; 58373560000; 57254617800; 7103074542; 7402414445","Academic insights and perspectives in 3d printing: A bibliometric review","2021","10.3390/app11188298","https://www.scopus.com/inward/record.uri?eid=2-s2.0-85114698855&doi=10.3390%2Fapp11188298&partnerID=40&md5=644250d33059823905912d422ba75aad","Review","Scopus","2-s2.0-85114698855"
"Benbouja, M.; Echchatbi, A.; Charkaoui, A.","Benbouja, Mouad (57220785504); Echchatbi, Abdelwahed (57191033709); Charkaoui, Abdelkabir (57112742400)","57220785504; 57191033709; 57112742400","An integrated planning model for a multi echelon supply chain within mass customization","2021","10.22034/IJSOM.2021.3.2","https://www.scopus.com/inward/record.uri?eid=2-s2.0-85114016698&doi=10.22034%2FIJSOM.2021.3.2&partnerID=40&md5=11f8aa3747e5d457aeaa4445e042f0dd","Review","Scopus","2-s2.0-85114016698"
"Dullen, S.; Verma, D.; Blackburn, M.; Whitcomb, C.","Dullen, Shawn (57211786943); Verma, Dinesh (7103236478); Blackburn, Mark R. (7103413222); Whitcomb, Clifford Alan (7003497815)","57211786943; 7103236478; 7103413222; 7003497815","Survey on set-based design (SBD) quantitative methods","2021","10.1002/sys.21580","https://www.scopus.com/inward/record.uri?eid=2-s2.0-85106264757&doi=10.1002%2Fsys.21580&partnerID=40&md5=9395e9dd86f774931efb25103a9f2bfe","Review","Scopus","2-s2.0-85106264757"
"Renna, P.; Materi, S.","Renna, Paolo (9279643000); Materi, Sergio (57204651474)","9279643000; 57204651474","A literature review of energy efficiency and sustainability in manufacturing systems","2021","10.3390/app11167366","https://www.scopus.com/inward/record.uri?eid=2-s2.0-85112458231&doi=10.3390%2Fapp11167366&partnerID=40&md5=bb74cdeb13e8e7deb7ec9f9fd33e3713","Review","Scopus","2-s2.0-85112458231"
"Pant, M.; Pidge, P.; Kumar, H.; Nagdeve, L.; Moona, G.","Pant, Meena (57215432098); Pidge, Pritam (57222074919); Kumar, Harish (56713964300); Nagdeve, Leeladhar (57189232493); Moona, Girija (56306694000)","57215432098; 57222074919; 56713964300; 57189232493; 56306694000","Additive manufacturing: The significant role in biomedical and aerospace applications","2021","","https://www.scopus.com/inward/record.uri?eid=2-s2.0-85127125251&partnerID=40&md5=7305cc2aa1cf24a525e1bf087b3bb956","Review","Scopus","2-s2.0-85127125251"
"Liaqait, R.A.; Hamid, S.; Warsi, S.S.; Khalid, A.","Liaqait, Raja Awais (57222631241); Hamid, Shermeen (57226306643); Warsi, Salman Sagheer (57190169047); Khalid, Azfar (55607221700)","57222631241; 57226306643; 57190169047; 55607221700","A critical analysis of job shop scheduling in context of Industry 4.0","2021","10.3390/su13147684","https://www.scopus.com/inward/record.uri?eid=2-s2.0-85111144338&doi=10.3390%2Fsu13147684&partnerID=40&md5=09906f00e5cb422b309a2cd11d86a63a","Review","Scopus","2-s2.0-85111144338"
"Pan, Y.; Zhang, Y.; Zhang, D.; Song, Y.","Pan, Yifan (57222228725); Zhang, Yulu (57222230472); Zhang, Dakang (55900413800); Song, Yuying (57223680161)","57222228725; 57222230472; 55900413800; 57223680161","3D printing in construction: state of the art and applications","2021","10.1007/s00170-021-07213-0","https://www.scopus.com/inward/record.uri?eid=2-s2.0-85105990862&doi=10.1007%2Fs00170-021-07213-0&partnerID=40&md5=440255b8cc106843cbb6eebc05dc97d4","Review","Scopus","2-s2.0-85105990862"
"Qin, Z.; Lu, Y.","Qin, Zhaojun (57212491807); Lu, Yuqian (56173081300)","57212491807; 56173081300","Self-organizing manufacturing network: A paradigm towards smart manufacturing in mass personalization","2021","10.1016/j.jmsy.2021.04.016","https://www.scopus.com/inward/record.uri?eid=2-s2.0-85105554982&doi=10.1016%2Fj.jmsy.2021.04.016&partnerID=40&md5=32931d657014fe360c8668533d3e452a","Review","Scopus","2-s2.0-85105554982"
"Yang, H.; Rao, P.; Simpson, T.W.; Lu, Y.; Witherell, P.; Nassar, A.R.; Reutzel, E.; Kumara, S.","Yang, Hui (55197329400); Rao, Prahalada Krishna (57396351500); Simpson, Timothy W. (7202539045); Lu, Yan (57191580065); Witherell, Paul William (15073542400); Nassar, Abdalla R. (35102926600); Reutzel, Edward W. (12790388900); Kumara, Soundar R. (7006663904)","55197329400; 57396351500; 7202539045; 57191580065; 15073542400; 35102926600; 12790388900; 7006663904","Six-Sigma Quality Management of Additive Manufacturing","2021","10.1109/JPROC.2020.3034519","https://www.scopus.com/inward/record.uri?eid=2-s2.0-85103465243&doi=10.1109%2FJPROC.2020.3034519&partnerID=40&md5=37a4ff2615fa5d5e25cbc58e67c7df96","Review","Scopus","2-s2.0-85103465243"
"Kristombu Baduge, S.; Navaratnam, S.; Abu-Zidan, Y.; McCormack, T.; Nguyen, K.; Mendis, P.; Zhang, G.; Aye, L.","Kristombu Baduge, Shanaka (57204243002); Navaratnam, Satheeskumar (57221937566); Abu-Zidan, Yousef (57218094665); McCormack, Tom (56522722400); Nguyen, Kate T.Q. (56095129700); Mendis, Priyan Anumddha (7003700296); Zhang, Guomin (Kevin) (56170403700); Aye, Lu (6603952630)","57204243002; 57221937566; 57218094665; 56522722400; 56095129700; 7003700296; 56170403700; 6603952630","Improving performance of additive manufactured (3D printed) concrete: A review on material mix design, processing, interlayer bonding, and reinforcing methods","2021","10.1016/j.istruc.2020.12.061","https://www.scopus.com/inward/record.uri?eid=2-s2.0-85098959027&doi=10.1016%2Fj.istruc.2020.12.061&partnerID=40&md5=de6234d1cda82d8ab4af47edf032473e","Review","Scopus","2-s2.0-85098959027"
"Moon, A.P.; Dwarapudi, S.; Sista, K.S.; Kumar, D.; Sinha, G.R.","Moon, Abhijeet Prem Kumar (35220070000); Dwarapudi, Srinivas (16233008300); Sista, Kameswara Srikar (57205521024); Kumar, Deepak (58588146000); Sinha, Gourav Ranjan (57218848056)","35220070000; 16233008300; 57205521024; 58588146000; 57218848056","Opportunity and challenges of iron powders for metal injection molding","2021","10.2355/isijinternational.ISIJINT-2021-050","https://www.scopus.com/inward/record.uri?eid=2-s2.0-85110575414&doi=10.2355%2Fisijinternational.ISIJINT-2021-050&partnerID=40&md5=bc2f253576404a9bc0635bd15d8fac9f","Review","Scopus","2-s2.0-85110575414"
"Otala, J.; Minard, A.; Madraki, G.; Mousavian, S.","Otala, Jacqueline M. (57221153024); Minard, Alden (57224111055); Madraki, Golshan (57189445019); Mousavian, Seyedamirabbas (55550025600)","57221153024; 57224111055; 57189445019; 55550025600","Graph-based modeling in shop scheduling problems: Review and extensions","2021","10.3390/app11114741","https://www.scopus.com/inward/record.uri?eid=2-s2.0-85106997769&doi=10.3390%2Fapp11114741&partnerID=40&md5=e41d8e70017bec1040464697153e3c8c","Review","Scopus","2-s2.0-85106997769"
"Miqueo, A.; Torralba, M.; Yaguë-Fabra, J.A.","Miqueo, A. (57219184761); Torralba, Marta (55988293400); Yaguë-Fabra, José A. (37076219200)","57219184761; 55988293400; 37076219200","Lean manual assembly 4.0: A systematic review","2020","10.3390/app10238555","https://www.scopus.com/inward/record.uri?eid=2-s2.0-85096980832&doi=10.3390%2Fapp10238555&partnerID=40&md5=ff9938287effd82e13f5fd349bee761b","Review","Scopus","2-s2.0-85096980832"
"Oh, Y.; Witherell, P.; Lu, Y.; Sprock, T.","Oh, Yosep (57192318540); Witherell, Paul William (15073542400); Lu, Yan (57191580065); Sprock, Timothy A. (56764701600)","57192318540; 15073542400; 57191580065; 56764701600","Nesting and scheduling problems for additive manufacturing: A taxonomy and review","2020","10.1016/j.addma.2020.101492","https://www.scopus.com/inward/record.uri?eid=2-s2.0-85090294841&doi=10.1016%2Fj.addma.2020.101492&partnerID=40&md5=31573c0596307a75e9d8fbc7ea2aacc5","Review","Scopus","2-s2.0-85090294841"
"Peeters, K.; van Ooijen, H.","Peeters, Kay (57201377161); van Ooijen, Henny P.G. (6602884299)","57201377161; 6602884299","Hybrid make-to-stock and make-to-order systems: a taxonomic review","2020","10.1080/00207543.2020.1778204","https://www.scopus.com/inward/record.uri?eid=2-s2.0-85087342101&doi=10.1080%2F00207543.2020.1778204&partnerID=40&md5=1b3e7e40c08b3c3845257a03cc9b646c","Review","Scopus","2-s2.0-85087342101"
"Li, S.; Zhong, S.; Du, R.; Pei, Z.; Chen, Y.; Wang, C.; Yi, W.; Wu, G.; Lv, R.","Li, Shiyun (36025426700); Zhong, Sheng (58329756700); Du, Rui (57206847057); Pei, Zhi (36773534100); Chen, Yong (55938849400); Wang, Cheng (36769695800); Yi, Wenchao (56071678200); Wu, Guanghua (57212263168); Lv, Ruifeng (57222715546)","36025426700; 58329756700; 57206847057; 36773534100; 55938849400; 36769695800; 56071678200; 57212263168; 57222715546","Entropy-based dispatching: Academic insights and perspectives through bibliometric analysis","2020","10.1049/iet-cim.2020.0011","https://www.scopus.com/inward/record.uri?eid=2-s2.0-85103800929&doi=10.1049%2Fiet-cim.2020.0011&partnerID=40&md5=abfbc8fb1658d22c51d3c4036531701a","Review","Scopus","2-s2.0-85103800929"
"Guzzi, E.A.; Tibbitt, M.W.","Guzzi, Elia A. (57210469308); Tibbitt, Mark W. (26647165200)","57210469308; 26647165200","Additive Manufacturing of Precision Biomaterials","2020","10.1002/adma.201901994","https://www.scopus.com/inward/record.uri?eid=2-s2.0-85070816552&doi=10.1002%2Fadma.201901994&partnerID=40&md5=b0e6421c0319e91b981b11c12450f9fd","Review","Scopus","2-s2.0-85070816552"
"Parks, R.","Parks, Robert (59114652600)","59114652600","HS students 'Pedal' towards manufacturing jobs","2020","","https://www.scopus.com/inward/record.uri?eid=2-s2.0-85090055584&partnerID=40&md5=0b0bb4a39690774a7d5084ed2ec14bab","Review","Scopus","2-s2.0-85090055584"
"Tyagi, V.; Jain, A.; Jain, P.K.","Tyagi, Viraj (57216687276); Jain, Ajai (55365233800); Jain, P. K. (7402520507)","57216687276; 55365233800; 7402520507","An integrated approach for multi-period manufacturing planning of job-shops","2020","10.1504/IJMR.2020.106856","https://www.scopus.com/inward/record.uri?eid=2-s2.0-85084278619&doi=10.1504%2FIJMR.2020.106856&partnerID=40&md5=c6511fa351d01df3976b8be98e7680d8","Review","Scopus","2-s2.0-85084278619"
"Gao, K.; Cao, Z.; Zhang, L.; Chen, Z.; Han, Y.; Pan, Q.","Gao, Kaizhou (36443489100); Cao, Zhiguang (56438458900); Zhang, Le (55844477500); Chen, Zhenghua (56470052400); Han, Yuyan (55489220400); Pan, Quanke (15074237600)","36443489100; 56438458900; 55844477500; 56470052400; 55489220400; 15074237600","A review on swarm intelligence and evolutionary algorithms for solving flexible job shop scheduling problems","2019","10.1109/JAS.2019.1911540","https://www.scopus.com/inward/record.uri?eid=2-s2.0-85067798381&doi=10.1109%2FJAS.2019.1911540&partnerID=40&md5=c23e7f642b608b2966c8ed4fa61434ff","Review","Scopus","2-s2.0-85067798381"
"Lu, H.; Liu, H.; Wang, C.","Lu, Haibo (56032277000); Liu, Hui (56693225600); Wang, Chenhao (57192920818)","56032277000; 56693225600; 57192920818","Review on strategies for geometric accuracy improvement in incremental sheet forming","2019","10.1007/s00170-019-03348-3","https://www.scopus.com/inward/record.uri?eid=2-s2.0-85061633520&doi=10.1007%2Fs00170-019-03348-3&partnerID=40&md5=a2158326f3cd5dae9729c00512a508f8","Review","Scopus","2-s2.0-85061633520"
"Yao, X.; Askin, R.","Yao, Xufeng(Rax) (57208131212); Askin, Ronald G. (7004386108)","57208131212; 7004386108","Review of supply chain configuration and design decision-making for new product","2019","10.1080/00207543.2019.1567954","https://www.scopus.com/inward/record.uri?eid=2-s2.0-85063870607&doi=10.1080%2F00207543.2019.1567954&partnerID=40&md5=b7e60e41addb63c237bdfe6448b0789c","Review","Scopus","2-s2.0-85063870607"
"Xia, T.; Xi, L.","Xia, Tangbin (26041248600); Xi, Lifeng (57093169100)","26041248600; 57093169100","Manufacturing paradigm-oriented PHM methodologies for cyber-physical systems","2019","10.1007/s10845-017-1342-2","https://www.scopus.com/inward/record.uri?eid=2-s2.0-85026499850&doi=10.1007%2Fs10845-017-1342-2&partnerID=40&md5=f06ca6499d66e67c2bf3f44cfd60c4fd","Review","Scopus","2-s2.0-85026499850"
"Maxim, A.; Copot, D.; Copot, C.; Ionescu, C.M.","Maxim, Anca (55553834600); Copot, Dana (55220035300); Copot, Cosmin (35301588200); Ionescu, Clara Mihaela (7102287005)","55553834600; 55220035300; 35301588200; 7102287005","The 5w’s for control as part of industry 4.0: Why, what, where, who, and when—A PID and MPC control perspective","2019","10.3390/inventions4010010","https://www.scopus.com/inward/record.uri?eid=2-s2.0-85068052471&doi=10.3390%2Finventions4010010&partnerID=40&md5=378da69e1161bd53b59298fec82cd01e","Review","Scopus","2-s2.0-85068052471"
"Dolgui, A.; Ivanov, D.; Sethi, S.P.; Sokolov, B.","Dolgui, Alexandre B. (57201190890); Ivanov, Dmitry Aleksandrovich (56350235000); Sethi, Suresh Pal (55885839900); Sokolov, Boris Vladimirovich (7101767324)","57201190890; 56350235000; 55885839900; 7101767324","Scheduling in production, supply chain and Industry 4.0 systems by optimal control: fundamentals, state-of-the-art and applications","2019","10.1080/00207543.2018.1442948","https://www.scopus.com/inward/record.uri?eid=2-s2.0-85060874220&doi=10.1080%2F00207543.2018.1442948&partnerID=40&md5=9ede71cb5a235007adf96c9d2b508d3a","Review","Scopus","2-s2.0-85060874220"
"Xie, J.; Gao, L.; Peng, K.; Li, X.; Li, H.","Xie, Jin (57216183596); Gao, Liang (56406738100); Peng, Kunkun (55843017100); Li, Xinyu (56021323400); Li, Haoran (59065249600)","57216183596; 56406738100; 55843017100; 56021323400; 59065249600","Review on flexible job shop scheduling","2019","10.1049/iet-cim.2018.0009","https://www.scopus.com/inward/record.uri?eid=2-s2.0-85089384328&doi=10.1049%2Fiet-cim.2018.0009&partnerID=40&md5=c3162f5747ae2a8e1a70b31ce325714a","Review","Scopus","2-s2.0-85089384328"
"Hassani, Z.I.M.; Elbarkany, A.; El Abbassi, I.; Jabri, A.; Darcherif, A.M.","Hassani, Zineb Ibn Majdoub (57202584596); Elbarkany, Abdellah (57212140550); El Abbassi, Ikram E. (56259097000); Jabri, Abdelouahhab (55630550200); Darcherif, Abdelmoumen (6506715550)","57202584596; 57212140550; 56259097000; 55630550200; 6506715550","New model of planning and scheduling for job-shop production system with energy consideration","2019","10.24425/mper.2019.128247","https://www.scopus.com/inward/record.uri?eid=2-s2.0-85066425027&doi=10.24425%2Fmper.2019.128247&partnerID=40&md5=e3956de79d42f04c5c7c767784cca853","Review","Scopus","2-s2.0-85066425027"
"Zennaro, I.; Finco, S.; Daria, D.; Persona, A.","Zennaro, Ilenia (57190737200); Finco, S. (57200245353); Daria, Battini (56998697300); Persona, Alessandro (6602705789)","57190737200; 57200245353; 56998697300; 6602705789","Big size highly customised product manufacturing systems: a literature review and future research agenda","2019","10.1080/00207543.2019.1582819","https://www.scopus.com/inward/record.uri?eid=2-s2.0-85062444641&doi=10.1080%2F00207543.2019.1582819&partnerID=40&md5=fc814547d7a26769256668120ad2187c","Review","Scopus","2-s2.0-85062444641"
"Xia, T.; Dong, Y.; Xiao, L.; Du, S.; Pan, E.; Xi, L.","Xia, Tangbin (26041248600); Dong, Yifan (57189041514); Xiao, Lei (55932198900); Du, Shichang (14038925100); Pan, Ershun (7006567662); Xi, Lifeng (57093169100)","26041248600; 57189041514; 55932198900; 14038925100; 7006567662; 57093169100","Recent advances in prognostics and health management for advanced manufacturing paradigms","2018","10.1016/j.ress.2018.06.021","https://www.scopus.com/inward/record.uri?eid=2-s2.0-85049455972&doi=10.1016%2Fj.ress.2018.06.021&partnerID=40&md5=18b3ef98c76a302c65383c9ae9922ef1","Review","Scopus","2-s2.0-85049455972"
"Fan, K.; Zhai, Y.; Li, X.; Wang, M.","Fan, Kun (23110501600); Zhai, Yafei (57202443400); Li, Xinning (57202443636); Wang, Meng (57202444644)","23110501600; 57202443400; 57202443636; 57202444644","Review and classification of hybrid shop scheduling","2018","10.1007/s11740-018-0832-1","https://www.scopus.com/inward/record.uri?eid=2-s2.0-85048368397&doi=10.1007%2Fs11740-018-0832-1&partnerID=40&md5=1b56e3ac43168b0af526272ea413d76b","Review","Scopus","2-s2.0-85048368397"
"Jaegler, Y.; Jaegler, A.; Burlat, P.; Lamouri, S.; Trentesaux, D.","Jaegler, Yann (57191040971); Jaegler, Anicia (36630589900); Burlat, Patrick (6505908358); Lamouri, Samir (18134235900); Trentesaux, Damien (6601942051)","57191040971; 36630589900; 6505908358; 18134235900; 6601942051","The ConWip production control system: a systematic review and classification","2018","10.1080/00207543.2017.1380325","https://www.scopus.com/inward/record.uri?eid=2-s2.0-85044548243&doi=10.1080%2F00207543.2017.1380325&partnerID=40&md5=4ae4a5ef498d00f5af64ac7c1bfd0970","Review","Scopus","2-s2.0-85044548243"
"Oh, Y.; Zhou, C.; Behdad, S.","Oh, Yosep (57192318540); Zhou, Chi (53364824600); Behdad, Sara (36160868500)","57192318540; 53364824600; 36160868500","Part decomposition and assembly-based (Re) design for additive manufacturing: A review","2018","10.1016/j.addma.2018.04.018","https://www.scopus.com/inward/record.uri?eid=2-s2.0-85047162460&doi=10.1016%2Fj.addma.2018.04.018&partnerID=40&md5=cb051ed229906916c0f0cca55eaef314","Review","Scopus","2-s2.0-85047162460"
"Ngo, T.D.; Kashani, A.; Imbalzano, G.; Nguyen, K.; Hui, D.","Ngo, Tuan (57209597335); Kashani, Alireza Hosseinzadeh (55638792400); Imbalzano, Gabriele (58179125800); Nguyen, Kate T.Q. (56095129700); Hui, David (56399017900)","57209597335; 55638792400; 58179125800; 56095129700; 56399017900","Additive manufacturing (3D printing): A review of materials, methods, applications and challenges","2018","10.1016/j.compositesb.2018.02.012","https://www.scopus.com/inward/record.uri?eid=2-s2.0-85042370094&doi=10.1016%2Fj.compositesb.2018.02.012&partnerID=40&md5=c354688d2a60f97a0c5c1dbf0dce712a","Review","Scopus","2-s2.0-85042370094"
"Manouchehrinia, B.; Molloy, S.; Dong, Z.; Gulliver, A.; Gough, C.","Manouchehrinia, Babak (57203688180); Molloy, Sue (24537199600); Dong, Zuomin (7402273872); Gulliver, Aaron (57191918292); Gough, Calvin (57203678800)","57203688180; 24537199600; 7402273872; 57191918292; 57203678800","Emission and life-cycle cost analysis of hybrid and pure electric propulsion systems for fishing boats","2018","","https://www.scopus.com/inward/record.uri?eid=2-s2.0-85052636743&partnerID=40&md5=5b46eba9e76d528a11669fa6fdb0f624","Review","Scopus","2-s2.0-85052636743"
"Yang, F.; Gao, K.; Ware, I.W.; Zhu, Y.; Su, R.","Yang, Fajun (56165699200); Gao, Kaizhou (36443489100); Ware, Simon Ian (57190680369); Zhu, Yuting (57198949323); Su, Rong (23393946900)","56165699200; 36443489100; 57190680369; 57198949323; 23393946900","Decomposition methods for manufacturing system scheduling: A survey","2018","10.1109/JAS.2017.7510805","https://www.scopus.com/inward/record.uri?eid=2-s2.0-85041911735&doi=10.1109%2FJAS.2017.7510805&partnerID=40&md5=cebfbb5925dd255d8043d634a706cc2d","Review","Scopus","2-s2.0-85041911735"
"Hassani, Z.I.M.; Elbarkany, A.; Jabri, A.; El Abbassi, I.; Darcherif, A.M.","Hassani, Zineb Ibn Majdoub (57202584596); Elbarkany, Abdellah (57212140550); Jabri, Abdelouahhab (55630550200); El Abbassi, Ikram E. (56259097000); Darcherif, Abdelmoumen (6506715550)","57202584596; 57212140550; 55630550200; 56259097000; 6506715550","New approach to integrate planning and scheduling of production system: Heuristic resolution","2018","10.4028/www.scientific.net/JERA.39.156","https://www.scopus.com/inward/record.uri?eid=2-s2.0-85063158208&doi=10.4028%2Fwww.scientific.net%2FJERA.39.156&partnerID=40&md5=b185842e2664b18b07fbdd2a083a9b73","Review","Scopus","2-s2.0-85063158208"
"Pergher, I.; De Almeida, A.T.","Pergher, Isaac (54956653800); De Almeida, Adiel Teixeira (7102580955)","54956653800; 7102580955","A multi-attribute, rank-dependent utility model for selecting dispatching rules","2018","10.1016/j.jmsy.2018.01.007","https://www.scopus.com/inward/record.uri?eid=2-s2.0-85041403139&doi=10.1016%2Fj.jmsy.2018.01.007&partnerID=40&md5=b84a04ea160e3bd25df6da8564339376","Review","Scopus","2-s2.0-85041403139"
